{"cameraMode":{"drawMode":0,"name":"Shaded","section":"Shading Mode"},"sceneLighting":true,"audioPlay":false,"sceneViewState":{"m_AlwaysRefresh":false,"showFog":true,"showSkybox":true,"showFlares":true,"showImageEffects":true,"showParticleSystems":true,"showVisualEffectGraphs":true,"m_FxEnabled":true},"in2DMode":false,"pivot":{"x":38.75570297241211,"y":12.879730224609375,"z":22.880090713500978},"rotation":{"x":-0.013978524133563042,"y":0.8710675239562988,"z":-0.02483219839632511,"w":-0.4903365671634674},"size":1.6266034841537476,"orthographic":false}